{"cameraMode":{"drawMode":0,"name":"Shaded","section":"Shading Mode"},"sceneLighting":true,"audioPlay":false,"sceneViewState":{"showFog":true,"showMaterialUpdate":false,"showSkybox":true,"showFlares":true,"showImageEffects":true,"showParticleSystems":true},"in2DMode":false,"pivot":{"x":-156.19996643066407,"y":79.0999984741211,"z":-107.29998779296875},"rotation":{"x":-0.15379968285560609,"y":0.23649893701076508,"z":-0.037656765431165698,"w":-0.9587193727493286},"size":40.70933532714844,"orthographic":true}