{"cameraMode":{"drawMode":0,"name":"Shaded","section":"Shading Mode"},"sceneLighting":false,"audioPlay":false,"sceneViewState":{"showFog":true,"showMaterialUpdate":false,"showSkybox":false,"showFlares":true,"showImageEffects":true,"showParticleSystems":true},"in2DMode":false,"pivot":{"x":22.040237426757814,"y":49.75737762451172,"z":31.4354248046875},"rotation":{"x":0.20358921587467194,"y":0.21019099652767182,"z":-0.04480132833123207,"w":0.9551785588264465},"size":60.21461868286133,"orthographic":true}