{"cameraMode":{"drawMode":0,"name":"Shaded","section":"Shading Mode"},"sceneLighting":false,"audioPlay":false,"sceneViewState":{"showFog":true,"showMaterialUpdate":false,"showSkybox":false,"showFlares":true,"showImageEffects":true,"showParticleSystems":true},"in2DMode":false,"pivot":{"x":-8.344650268554688e-7,"y":0.89860999584198,"z":-0.034994155168533328},"rotation":{"x":0.011947344988584519,"y":-0.09317324310541153,"z":0.001117523992434144,"w":0.9955804944038391},"size":1.3246498107910157,"orthographic":false}