{"cameraMode":{"drawMode":0,"name":"Shaded","section":"Shading Mode"},"sceneLighting":false,"audioPlay":false,"sceneViewState":{"showFog":true,"showMaterialUpdate":false,"showSkybox":false,"showFlares":true,"showImageEffects":true,"showParticleSystems":true},"in2DMode":false,"pivot":{"x":5.844025611877441,"y":1.944063663482666,"z":0.6715641021728516},"rotation":{"x":0.017832254990935327,"y":0.9695545434951782,"z":-0.23264718055725099,"w":0.0743158832192421},"size":8.30521011352539,"orthographic":false}