{"cameraMode":{"drawMode":0,"name":"Shaded","section":"Shading Mode"},"sceneLighting":true,"audioPlay":false,"sceneViewState":{"showFog":true,"showMaterialUpdate":false,"showSkybox":true,"showFlares":true,"showImageEffects":true,"showParticleSystems":true},"in2DMode":false,"pivot":{"x":-156.1999969482422,"y":79.0999984741211,"z":-107.29999542236328},"rotation":{"x":-0.047219689935445788,"y":-0.2549329102039337,"z":0.012643648311495781,"w":-0.9658089876174927},"size":18.992597579956056,"orthographic":true}