{"cameraMode":{"drawMode":0,"name":"Shaded","section":"Shading Mode"},"sceneLighting":false,"audioPlay":false,"sceneViewState":{"showFog":true,"showMaterialUpdate":true,"showSkybox":false,"showFlares":true,"showImageEffects":true,"showParticleSystems":true},"in2DMode":false,"pivot":{"x":1.4065732955932618,"y":80.3292236328125,"z":99.00148010253906},"rotation":{"x":-0.03401074558496475,"y":-0.9535883665084839,"z":0.11788421869277954,"w":-0.27508559823036196},"size":5.224839687347412,"orthographic":true}