{"cameraMode":{"drawMode":0,"name":"Shaded","section":"Shading Mode"},"sceneLighting":true,"audioPlay":false,"sceneViewState":{"showFog":true,"showMaterialUpdate":false,"showSkybox":true,"showFlares":true,"showImageEffects":true,"showParticleSystems":true},"in2DMode":false,"pivot":{"x":-9.899993896484375,"y":68.72000122070313,"z":-65.75},"rotation":{"x":-0.08976322412490845,"y":0.8208827972412109,"z":-0.13401994109153748,"w":-0.5479680895805359},"size":26.361181259155275,"orthographic":true}