{"cameraMode":{"drawMode":0,"name":"Shaded","section":"Shading Mode"},"sceneLighting":true,"audioPlay":false,"sceneViewState":{"showFog":true,"showMaterialUpdate":false,"showSkybox":true,"showFlares":true,"showImageEffects":true,"showParticleSystems":true},"in2DMode":false,"pivot":{"x":0.1405404806137085,"y":1.6235356330871583,"z":0.2747225761413574},"rotation":{"x":0.015719149261713029,"y":0.23825596272945405,"z":0.0038742506876587869,"w":-0.9710838794708252},"size":2.314696788787842,"orthographic":false}