{"cameraMode":{"drawMode":0,"name":"Shaded","section":"Shading Mode"},"sceneLighting":false,"audioPlay":false,"sceneViewState":{"showFog":true,"showMaterialUpdate":false,"showSkybox":false,"showFlares":true,"showImageEffects":true,"showParticleSystems":true},"in2DMode":false,"pivot":{"x":-189.1882781982422,"y":26.44422149658203,"z":9.200000762939454},"rotation":{"x":-0.06615083664655686,"y":-0.8945264220237732,"z":0.41894328594207766,"w":-0.14126244187355042},"size":33.1662483215332,"orthographic":true}