{"cameraMode":{"drawMode":0,"name":"Shaded","section":"Shading Mode"},"sceneLighting":true,"audioPlay":false,"sceneViewState":{"showFog":true,"showMaterialUpdate":true,"showSkybox":true,"showFlares":true,"showImageEffects":true,"showParticleSystems":true},"in2DMode":false,"pivot":{"x":4.2401275634765629,"y":81.19914245605469,"z":8.056269645690918},"rotation":{"x":-0.026815524324774743,"y":0.9730145335197449,"z":-0.17702752351760865,"w":-0.14618422091007234},"size":28.546720504760743,"orthographic":true}