{"cameraMode":{"drawMode":0,"name":"Shaded","section":"Shading Mode"},"sceneLighting":false,"audioPlay":false,"sceneViewState":{"showFog":true,"showMaterialUpdate":false,"showSkybox":false,"showFlares":true,"showImageEffects":true,"showParticleSystems":true},"in2DMode":false,"pivot":{"x":2.6649246215820314,"y":1.97884202003479,"z":-0.7315137386322022},"rotation":{"x":0.041127510368824008,"y":0.9193763732910156,"z":-0.3782464265823364,"w":0.0999600812792778},"size":2.306750774383545,"orthographic":false}