{"cameraMode":{"drawMode":0,"name":"Shaded","section":"Shading Mode"},"sceneLighting":true,"audioPlay":false,"sceneViewState":{"showFog":true,"showMaterialUpdate":false,"showSkybox":true,"showFlares":true,"showImageEffects":true,"showParticleSystems":true},"in2DMode":false,"pivot":{"x":15.090019226074219,"y":39.83829879760742,"z":-30.137378692626954},"rotation":{"x":0.01261906512081623,"y":0.9847221374511719,"z":-0.15337802469730378,"w":0.08230874687433243},"size":63.8488883972168,"orthographic":true}