{"cameraMode":{"drawMode":0,"name":"Shaded","section":"Shading Mode"},"sceneLighting":false,"audioPlay":false,"sceneViewState":{"showFog":true,"showMaterialUpdate":false,"showSkybox":false,"showFlares":true,"showImageEffects":true,"showParticleSystems":true},"in2DMode":false,"pivot":{"x":-327.27825927734377,"y":29.088642120361329,"z":2.134158134460449},"rotation":{"x":-0.012848813086748124,"y":-0.9563737511634827,"z":0.28893768787384035,"w":-0.04261788725852966},"size":36.21760559082031,"orthographic":true}