{"cameraMode":{"drawMode":0,"name":"Shaded","section":"Shading Mode"},"sceneLighting":true,"audioPlay":false,"sceneViewState":{"showFog":true,"showMaterialUpdate":false,"showSkybox":true,"showFlares":true,"showImageEffects":true,"showParticleSystems":true},"in2DMode":false,"pivot":{"x":-18.793827056884767,"y":71.54984283447266,"z":-68.25679016113281},"rotation":{"x":-0.19753891229629517,"y":-0.5351435542106628,"z":0.13015705347061158,"w":-0.8110532760620117},"size":2.6244595050811769,"orthographic":false}