{"cameraMode":{"drawMode":0,"name":"Shaded","section":"Shading Mode"},"sceneLighting":false,"audioPlay":false,"sceneViewState":{"showFog":true,"showMaterialUpdate":false,"showSkybox":false,"showFlares":true,"showImageEffects":true,"showParticleSystems":true},"in2DMode":false,"pivot":{"x":-327.27825927734377,"y":76.98899841308594,"z":2.134158134460449},"rotation":{"x":-0.15059490501880647,"y":-0.7139453887939453,"z":0.16184188425540925,"w":-0.6644769906997681},"size":3.268921375274658,"orthographic":true}