{"cameraMode":{"drawMode":0,"name":"Shaded","section":"Shading Mode"},"sceneLighting":false,"audioPlay":false,"sceneViewState":{"showFog":true,"showMaterialUpdate":false,"showSkybox":false,"showFlares":true,"showImageEffects":true,"showParticleSystems":true},"in2DMode":false,"pivot":{"x":-156.1999969482422,"y":40.04999923706055,"z":3.4000015258789064},"rotation":{"x":-0.13405245542526246,"y":0.6564193367958069,"z":-0.1200052946805954,"w":-0.7326849102973938},"size":64.49805450439453,"orthographic":true}