{"cameraMode":{"drawMode":0,"name":"Shaded","section":"Shading Mode"},"sceneLighting":false,"audioPlay":false,"sceneViewState":{"showFog":true,"showMaterialUpdate":false,"showSkybox":false,"showFlares":true,"showImageEffects":true,"showParticleSystems":true},"in2DMode":false,"pivot":{"x":-115.36000061035156,"y":49.36568069458008,"z":-60.96726608276367},"rotation":{"x":-0.034801214933395389,"y":-0.009581991471350193,"z":0.0003331838233862072,"w":-0.9993539452552795},"size":3.6895461082458498,"orthographic":false}