{"cameraMode":{"drawMode":0,"name":"Shaded","section":"Shading Mode"},"sceneLighting":false,"audioPlay":false,"sceneViewState":{"showFog":true,"showMaterialUpdate":true,"showSkybox":false,"showFlares":true,"showImageEffects":true,"showParticleSystems":true},"in2DMode":false,"pivot":{"x":208.10000610351563,"y":61.849998474121097,"z":57.900001525878909},"rotation":{"x":0.07480407506227493,"y":-0.6069385409355164,"z":0.05752177536487579,"w":0.7891815900802612},"size":12.537169456481934,"orthographic":true}