{"cameraMode":{"drawMode":0,"name":"Shaded","section":"Shading Mode"},"sceneLighting":false,"audioPlay":false,"sceneViewState":{"showFog":true,"showMaterialUpdate":false,"showSkybox":false,"showFlares":true,"showImageEffects":true,"showParticleSystems":true},"in2DMode":false,"pivot":{"x":-371.8010559082031,"y":57.49411392211914,"z":-72.85049438476563},"rotation":{"x":0.2144927829504013,"y":0.28060922026634219,"z":-0.06455186009407044,"w":0.9333871006965637},"size":16.46080207824707,"orthographic":true}