{"cameraMode":{"drawMode":0,"name":"Shaded","section":"Shading Mode"},"sceneLighting":false,"audioPlay":false,"sceneViewState":{"showFog":true,"showMaterialUpdate":false,"showSkybox":false,"showFlares":true,"showImageEffects":true,"showParticleSystems":true},"in2DMode":false,"pivot":{"x":4.320987701416016,"y":0.9020833969116211,"z":-1.6382765769958497},"rotation":{"x":-0.1617668718099594,"y":-0.6722793579101563,"z":0.15408770740032197,"w":-0.7057876586914063},"size":6.670636177062988,"orthographic":false}