{"cameraMode":{"drawMode":0,"name":"Shaded","section":"Shading Mode"},"sceneLighting":false,"audioPlay":false,"sceneViewState":{"showFog":true,"showMaterialUpdate":true,"showSkybox":false,"showFlares":true,"showImageEffects":true,"showParticleSystems":true},"in2DMode":false,"pivot":{"x":-52.847190856933597,"y":37.02191162109375,"z":-31.120622634887697},"rotation":{"x":-0.201592817902565,"y":0.7834022641181946,"z":-0.3207244575023651,"w":-0.49282515048980715},"size":44.57258224487305,"orthographic":true}