{"cameraMode":{"drawMode":0,"name":"Shaded","section":"Shading Mode"},"sceneLighting":false,"audioPlay":false,"sceneViewState":{"showFog":true,"showMaterialUpdate":false,"showSkybox":false,"showFlares":true,"showImageEffects":true,"showParticleSystems":true},"in2DMode":false,"pivot":{"x":-156.1999969482422,"y":40.04999923706055,"z":3.4000015258789064},"rotation":{"x":-0.20784051716327668,"y":0.5324825644493103,"z":-0.13670440018177033,"w":-0.8091111183166504},"size":126.56319427490235,"orthographic":true}