{"cameraMode":{"drawMode":0,"name":"Shaded","section":"Shading Mode"},"sceneLighting":true,"audioPlay":false,"sceneViewState":{"showFog":true,"showMaterialUpdate":false,"showSkybox":true,"showFlares":true,"showImageEffects":true,"showParticleSystems":true},"in2DMode":false,"pivot":{"x":13.143363952636719,"y":40.00724411010742,"z":-30.340259552001954},"rotation":{"x":-0.15379968285560609,"y":0.23649893701076508,"z":-0.037656765431165698,"w":-0.9587193727493286},"size":3.0548927783966066,"orthographic":true}