{"cameraMode":{"drawMode":0,"name":"Shaded","section":"Shading Mode"},"sceneLighting":true,"audioPlay":false,"sceneViewState":{"showFog":true,"showMaterialUpdate":false,"showSkybox":true,"showFlares":true,"showImageEffects":true,"showParticleSystems":true},"in2DMode":false,"pivot":{"x":2.4889075756073,"y":95.8995361328125,"z":-28.005212783813478},"rotation":{"x":0.6770434975624085,"y":0.1478174477815628,"z":-0.14156626164913178,"w":0.7069254517555237},"size":81.18022155761719,"orthographic":false}