{"cameraMode":{"drawMode":0,"name":"Shaded","section":"Shading Mode"},"sceneLighting":false,"audioPlay":false,"sceneViewState":{"showFog":true,"showMaterialUpdate":true,"showSkybox":false,"showFlares":true,"showImageEffects":true,"showParticleSystems":true},"in2DMode":false,"pivot":{"x":-173.67626953125,"y":33.0,"z":525.8275756835938},"rotation":{"x":0.0017081417609006167,"y":0.995315670967102,"z":-0.09584404528141022,"w":0.01688229665160179},"size":36.21760940551758,"orthographic":true}