{"cameraMode":{"drawMode":0,"name":"Shaded","section":"Shading Mode"},"sceneLighting":false,"audioPlay":false,"sceneViewState":{"showFog":true,"showMaterialUpdate":false,"showSkybox":false,"showFlares":true,"showImageEffects":true,"showParticleSystems":true},"in2DMode":false,"pivot":{"x":-13.298147201538086,"y":1.391012191772461,"z":25.089176177978517},"rotation":{"x":0.09504960477352143,"y":-0.6754477024078369,"z":-0.0884307324886322,"w":-0.7259108424186707},"size":10.0,"orthographic":false}