{"cameraMode":{"drawMode":0,"name":"Shaded","section":"Shading Mode"},"sceneLighting":false,"audioPlay":false,"sceneViewState":{"showFog":true,"showMaterialUpdate":false,"showSkybox":false,"showFlares":true,"showImageEffects":true,"showParticleSystems":true},"in2DMode":false,"pivot":{"x":-153.82781982421876,"y":59.33304977416992,"z":-104.58312225341797},"rotation":{"x":-0.4965101480484009,"y":0.1858799159526825,"z":-0.1097007691860199,"w":-0.8408210277557373},"size":21.784080505371095,"orthographic":true}