{"cameraMode":{"drawMode":0,"name":"Shaded","section":"Shading Mode"},"sceneLighting":false,"audioPlay":false,"sceneViewState":{"showFog":true,"showMaterialUpdate":true,"showSkybox":false,"showFlares":true,"showImageEffects":true,"showParticleSystems":true},"in2DMode":false,"pivot":{"x":-34.029998779296878,"y":48.55854797363281,"z":-48.3201904296875},"rotation":{"x":-0.07508580386638642,"y":-0.9214931130409241,"z":0.22491738200187684,"w":-0.3076287806034088},"size":17.2631893157959,"orthographic":true}