{"cameraMode":{"drawMode":0,"name":"Shaded","section":"Shading Mode"},"sceneLighting":false,"audioPlay":false,"sceneViewState":{"showFog":true,"showMaterialUpdate":false,"showSkybox":false,"showFlares":true,"showImageEffects":true,"showParticleSystems":true},"in2DMode":false,"pivot":{"x":18.655078887939454,"y":25.56496238708496,"z":-36.28501892089844},"rotation":{"x":-0.11178375035524368,"y":0.4321366846561432,"z":0.05408072471618652,"w":0.8932176828384399},"size":13.986771583557129,"orthographic":false}