{"cameraMode":{"drawMode":0,"name":"Shaded","section":"Shading Mode"},"sceneLighting":false,"audioPlay":false,"sceneViewState":{"showFog":true,"showMaterialUpdate":false,"showSkybox":false,"showFlares":true,"showImageEffects":true,"showParticleSystems":true},"in2DMode":false,"pivot":{"x":3.2816038131713869,"y":3.902313709259033,"z":-1.6964194774627686},"rotation":{"x":-0.00045661747572012246,"y":0.9985715746879578,"z":-0.05278298258781433,"w":-0.008686513639986515},"size":2.306750774383545,"orthographic":false}