{"cameraMode":{"drawMode":0,"name":"Shaded","section":"Shading Mode"},"sceneLighting":true,"audioPlay":false,"sceneViewState":{"showFog":true,"showMaterialUpdate":false,"showSkybox":true,"showFlares":true,"showImageEffects":true,"showParticleSystems":true},"in2DMode":false,"pivot":{"x":8.929634094238282,"y":117.93734741210938,"z":-22.163837432861329},"rotation":{"x":0.20586776733398438,"y":-0.6814101934432983,"z":0.67048180103302,"w":0.2092496156692505},"size":26.772560119628908,"orthographic":false}