{"cameraMode":{"drawMode":0,"name":"Shaded","section":"Shading Mode"},"sceneLighting":false,"audioPlay":false,"sceneViewState":{"showFog":true,"showMaterialUpdate":false,"showSkybox":false,"showFlares":true,"showImageEffects":true,"showParticleSystems":true},"in2DMode":false,"pivot":{"x":0.00017645955085754395,"y":0.4155104160308838,"z":-0.00018662214279174805},"rotation":{"x":-0.1724577397108078,"y":0.26412448287010195,"z":-0.04806242883205414,"w":-0.9477285742759705},"size":0.6163636445999146,"orthographic":false}