{"cameraMode":{"drawMode":0,"name":"Shaded","section":"Shading Mode"},"sceneLighting":false,"audioPlay":false,"sceneViewState":{"showFog":true,"showMaterialUpdate":false,"showSkybox":false,"showFlares":true,"showImageEffects":true,"showParticleSystems":true},"in2DMode":false,"pivot":{"x":-117.95886993408203,"y":50.08769226074219,"z":-60.095645904541019},"rotation":{"x":0.028716444969177247,"y":0.95624178647995,"z":0.1004767045378685,"w":-0.2732992172241211},"size":2.6104533672332765,"orthographic":false}