{"cameraMode":{"drawMode":0,"name":"Shaded","section":"Shading Mode"},"sceneLighting":false,"audioPlay":false,"sceneViewState":{"showFog":true,"showMaterialUpdate":false,"showSkybox":false,"showFlares":true,"showImageEffects":true,"showParticleSystems":true},"in2DMode":false,"pivot":{"x":-361.82501220703127,"y":31.287891387939454,"z":-105.05999755859375},"rotation":{"x":0.13786083459854127,"y":-0.3275292217731476,"z":0.04774896055459976,"w":0.933647096157074},"size":7.041380882263184,"orthographic":true}