{"cameraMode":{"drawMode":0,"name":"Shaded","section":"Shading Mode"},"sceneLighting":false,"audioPlay":false,"sceneViewState":{"showFog":true,"showMaterialUpdate":false,"showSkybox":false,"showFlares":true,"showImageEffects":true,"showParticleSystems":true},"in2DMode":false,"pivot":{"x":22.040237426757814,"y":49.75737762451172,"z":31.4354248046875},"rotation":{"x":0.23024000227451325,"y":0.6630459427833557,"z":-0.2259998321533203,"w":0.6754896640777588},"size":37.752197265625,"orthographic":true}