{"cameraMode":{"drawMode":0,"name":"Shaded","section":"Shading Mode"},"sceneLighting":true,"audioPlay":false,"sceneViewState":{"showFog":true,"showMaterialUpdate":false,"showSkybox":true,"showFlares":true,"showImageEffects":true,"showParticleSystems":true},"in2DMode":false,"pivot":{"x":17.632925033569337,"y":37.837398529052737,"z":-25.08797836303711},"rotation":{"x":0.25816863775253298,"y":-0.6293951272964478,"z":0.2334773987531662,"w":0.694870114326477},"size":6.968107223510742,"orthographic":true}