{"cameraMode":{"drawMode":0,"name":"Shaded","section":"Shading Mode"},"sceneLighting":false,"audioPlay":false,"sceneViewState":{"showFog":true,"showMaterialUpdate":true,"showSkybox":false,"showFlares":true,"showImageEffects":true,"showParticleSystems":true},"in2DMode":false,"pivot":{"x":-25.948469161987306,"y":30.154998779296876,"z":57.384864807128909},"rotation":{"x":0.07300928235054016,"y":0.913780152797699,"z":-0.3517947196960449,"w":0.1896379292011261},"size":33.306514739990237,"orthographic":true}