{"cameraMode":{"drawMode":0,"name":"Shaded","section":"Shading Mode"},"sceneLighting":false,"audioPlay":false,"sceneViewState":{"showFog":true,"showMaterialUpdate":false,"showSkybox":false,"showFlares":true,"showImageEffects":true,"showParticleSystems":true},"in2DMode":false,"pivot":{"x":0.3107569217681885,"y":0.6171624064445496,"z":-0.13700103759765626},"rotation":{"x":-0.018162811174988748,"y":0.9592383503913879,"z":-0.06340186297893524,"w":-0.27479496598243716},"size":3.297363519668579,"orthographic":false}