{"cameraMode":{"drawMode":0,"name":"Shaded","section":"Shading Mode"},"sceneLighting":false,"audioPlay":false,"sceneViewState":{"showFog":true,"showMaterialUpdate":false,"showSkybox":false,"showFlares":true,"showImageEffects":true,"showParticleSystems":true},"in2DMode":false,"pivot":{"x":-147.1599884033203,"y":47.160003662109378,"z":-97.83999633789063},"rotation":{"x":-0.20784051716327668,"y":0.5324825644493103,"z":-0.13670440018177033,"w":-0.8091111183166504},"size":26.679187774658204,"orthographic":true}