{"cameraMode":{"drawMode":0,"name":"Shaded","section":"Shading Mode"},"sceneLighting":false,"audioPlay":false,"sceneViewState":{"showFog":true,"showMaterialUpdate":false,"showSkybox":false,"showFlares":true,"showImageEffects":true,"showParticleSystems":true},"in2DMode":false,"pivot":{"x":12.738466262817383,"y":89.8010025024414,"z":-71.42900085449219},"rotation":{"x":-0.025346698239445688,"y":0.8118489980697632,"z":-0.03533555567264557,"w":-0.5822581052780151},"size":1.5619537830352784,"orthographic":true}