{"cameraMode":{"drawMode":0,"name":"Shaded","section":"Shading Mode"},"sceneLighting":true,"audioPlay":false,"sceneViewState":{"showFog":true,"showMaterialUpdate":false,"showSkybox":true,"showFlares":true,"showImageEffects":true,"showParticleSystems":true},"in2DMode":false,"pivot":{"x":8.36238956451416,"y":34.6033821105957,"z":-30.670015335083009},"rotation":{"x":0.23095747828483582,"y":-0.632411003112793,"z":0.20564758777618409,"w":0.7102330923080444},"size":4.897179126739502,"orthographic":true}